,precision,recall,f1-score,support
0,1.0,1.0,1.0,3.0
1,0.9090909090909091,1.0,0.9523809523809523,10.0
2,1.0,1.0,1.0,2.0
3,1.0,0.975609756097561,0.9876543209876543,41.0
4,1.0,1.0,1.0,3.0
accuracy,0.9830508474576272,0.9830508474576272,0.9830508474576272,0.9830508474576272
macro avg,0.9818181818181818,0.9951219512195122,0.9880070546737214,59.0
weighted avg,0.9845916795069338,0.9830508474576272,0.9833497743102262,59.0
